roll_number,a_r,b_r,mu_hat,lambda_hat,c_hat,n_samples
102303872,0.30000000000000004,0.8999999999999999,25.296068824252533,0.0019508225998259062,0.02491919179498707,415688
